output_dir,output_filename,travel_cost,conquer_cost,cost
outputs-dijkstra-degree-greedy,0.out,28.0,40.0,68.0
outputs-dijkstra-degree-greedy,1.out,194.0,52.0,246.0
outputs-dijkstra-degree-greedy,10.out,250.80000000000013,281.30999999999995,532.1100000000001
outputs-dijkstra-degree-greedy,100.out,403864.0,27704.0,431568.0
outputs-dijkstra-degree-greedy,101.out,324.0,1.0,325.0
outputs-dijkstra-degree-greedy,105.out,17890942.62019999,18005651.412,35896594.032199994
outputs-dijkstra-degree-greedy,106.out,35913248.5964,35236173.3979,71149421.99430001
outputs-dijkstra-degree-greedy,107.out,9289110.553299997,6615766.106500001,15904876.659799997
outputs-dijkstra-degree-greedy,108.out,10379.993540000001,2278.12001,12658.113550000002
outputs-dijkstra-degree-greedy,109.out,9850.709240000002,1758.5434799999998,11609.252720000002
outputs-dijkstra-degree-greedy,11.out,141.03999999999996,102.88999999999999,243.92999999999995
outputs-dijkstra-degree-greedy,110.out,8089.34874,1990.6956400000004,10080.044380000001
outputs-dijkstra-degree-greedy,111.out,1372.0,518.0,1890.0
outputs-dijkstra-degree-greedy,112.out,2764.0,1050.0,3814.0
outputs-dijkstra-degree-greedy,113.out,676.0,252.0,928.0
outputs-dijkstra-degree-greedy,114.out,588.0,580.0,1168.0
outputs-dijkstra-degree-greedy,115.out,1168.0,1160.0,2328.0
outputs-dijkstra-degree-greedy,116.out,294.0,240.0,534.0
outputs-dijkstra-degree-greedy,117.out,375.0,602.0,977.0
outputs-dijkstra-degree-greedy,118.out,775.0,1206.0,1981.0
outputs-dijkstra-degree-greedy,119.out,176.0,300.0,476.0
outputs-dijkstra-degree-greedy,12.out,11816.0,9297.0,21113.0
outputs-dijkstra-degree-greedy,120.out,41890.0,515.0,42405.0
outputs-dijkstra-degree-greedy,121.out,63248.0,1845.0,65093.0
outputs-dijkstra-degree-greedy,122.out,786.0,516.0,1302.0
outputs-dijkstra-degree-greedy,123.out,82.0,69.0,151.0
outputs-dijkstra-degree-greedy,124.out,151.0,128.0,279.0
outputs-dijkstra-degree-greedy,125.out,50.0,34.0,84.0
outputs-dijkstra-degree-greedy,126.out,274.0,720.0,994.0
outputs-dijkstra-degree-greedy,127.out,9598.0,5250.0,14848.0
outputs-dijkstra-degree-greedy,128.out,1156.0,585.0,1741.0
outputs-dijkstra-degree-greedy,129.out,8624.0,3122.0,11746.0
outputs-dijkstra-degree-greedy,13.out,17808.0,10447.0,28255.0
outputs-dijkstra-degree-greedy,130.out,35204.0,12236.0,47440.0
outputs-dijkstra-degree-greedy,131.out,2084.0,813.0,2897.0
outputs-dijkstra-degree-greedy,132.out,36973.00607,0.0002900000000000001,36973.00636000001
outputs-dijkstra-degree-greedy,133.out,1132.5453799999993,0.0706999999999999,1132.6160799999993
outputs-dijkstra-degree-greedy,134.out,11.0308,8.0008,19.031599999999997
outputs-dijkstra-degree-greedy,135.out,128.0,49.0,177.0
outputs-dijkstra-degree-greedy,136.out,59571174.0,35768800.0,95339974.0
outputs-dijkstra-degree-greedy,137.out,436.0,41.0,477.0
outputs-dijkstra-degree-greedy,138.out,598.0,314.0,912.0
outputs-dijkstra-degree-greedy,139.out,1178.0,587.0,1765.0
outputs-dijkstra-degree-greedy,14.out,9092.0,6535.0,15627.0
outputs-dijkstra-degree-greedy,140.out,290.0,148.0,438.0
outputs-dijkstra-degree-greedy,141.out,2854.0,1941.0,4795.0
outputs-dijkstra-degree-greedy,142.out,6606.0,3541.0,10147.0
outputs-dijkstra-degree-greedy,143.out,491.0,283.0,774.0
outputs-dijkstra-degree-greedy,144.out,437.77999999999963,572.0,1009.7799999999996
outputs-dijkstra-degree-greedy,145.out,992.2600000000003,1048.0,2040.2600000000002
outputs-dijkstra-degree-greedy,146.out,133.0,91.0,224.0
outputs-dijkstra-degree-greedy,147.out,421.4,259.0,680.4
outputs-dijkstra-degree-greedy,148.out,701.0,1405.0,2106.0
outputs-dijkstra-degree-greedy,149.out,226.99999999999997,163.0,390.0
outputs-dijkstra-degree-greedy,15.out,141.0,77.0,218.0
outputs-dijkstra-degree-greedy,150.out,153.0,131.0,284.0
outputs-dijkstra-degree-greedy,151.out,150.0,78.0,228.0
outputs-dijkstra-degree-greedy,152.out,87.0,83.0,170.0
outputs-dijkstra-degree-greedy,153.out,108028.0,54000096.0,54108124.0
outputs-dijkstra-degree-greedy,154.out,240046.0,120000204.0,120240250.0
outputs-dijkstra-degree-greedy,155.out,60018.0,30000055.0,30060073.0
outputs-dijkstra-degree-greedy,156.out,32.0,220048.0,220080.0
outputs-dijkstra-degree-greedy,157.out,32.0,189064.0,189096.0
outputs-dijkstra-degree-greedy,158.out,15.0,114394.0,114409.0
outputs-dijkstra-degree-greedy,159.out,760.0,11724.0,12484.0
outputs-dijkstra-degree-greedy,16.out,353.0,210.0,563.0
outputs-dijkstra-degree-greedy,160.out,2053.0,29108.0,31161.0
outputs-dijkstra-degree-greedy,161.out,556.0,6233.0,6789.0
outputs-dijkstra-degree-greedy,162.out,1801.2895000000003,398.6127000000002,2199.9022000000004
outputs-dijkstra-degree-greedy,163.out,3394.1026000000006,743.2295999999997,4137.332200000001
outputs-dijkstra-degree-greedy,164.out,803.5940000000003,197.28070000000002,1000.8747000000003
outputs-dijkstra-degree-greedy,165.out,269228.30000000005,3517.0,272745.30000000005
outputs-dijkstra-degree-greedy,166.out,92108.29999999999,3158.0,95266.29999999999
outputs-dijkstra-degree-greedy,167.out,800.0,471.0,1271.0
outputs-dijkstra-degree-greedy,168.out,78.0,86.0,164.0
outputs-dijkstra-degree-greedy,169.out,78.0,86.0,164.0
outputs-dijkstra-degree-greedy,17.out,63.0,35.0,98.0
outputs-dijkstra-degree-greedy,170.out,78.0,86.0,164.0
outputs-dijkstra-degree-greedy,171.out,38.0,52.0,90.0
outputs-dijkstra-degree-greedy,172.out,38.0,52.0,90.0
outputs-dijkstra-degree-greedy,173.out,38.0,52.0,90.0
outputs-dijkstra-degree-greedy,174.out,248.0,202.0,450.0
outputs-dijkstra-degree-greedy,175.out,0,1.0,1.0
outputs-dijkstra-degree-greedy,176.out,114.0,158.0,272.0
outputs-dijkstra-degree-greedy,177.out,15192.4084,2375.2547,17567.6631
outputs-dijkstra-degree-greedy,178.out,18319.9978,1590.1786,19910.1764
outputs-dijkstra-degree-greedy,179.out,12454.961599999999,2826.5449,15281.5065
outputs-dijkstra-degree-greedy,18.out,2550.0,150.0,2700.0
outputs-dijkstra-degree-greedy,180.out,2994.0,1709.0,4703.0
outputs-dijkstra-degree-greedy,181.out,5758.0,3549.0,9307.0
outputs-dijkstra-degree-greedy,182.out,1243.0,742.0,1985.0
outputs-dijkstra-degree-greedy,183.out,3165.0,264.0,3429.0
outputs-dijkstra-degree-greedy,184.out,7110.0,605.0,7715.0
outputs-dijkstra-degree-greedy,185.out,1368.0,207.0,1575.0
outputs-dijkstra-degree-greedy,186.out,3080.0,2732.0,5812.0
outputs-dijkstra-degree-greedy,187.out,6060.0,5544.0,11604.0
outputs-dijkstra-degree-greedy,188.out,460.0,835.0,1295.0
outputs-dijkstra-degree-greedy,189.out,17484.00092999999,48.0,17532.00092999999
outputs-dijkstra-degree-greedy,19.out,2550.0,150.0,2700.0
outputs-dijkstra-degree-greedy,190.out,35952.03724,100.0,36052.03724
outputs-dijkstra-degree-greedy,191.out,501.0,15.0,516.0
outputs-dijkstra-degree-greedy,192.out,242.0,140.0,382.0
outputs-dijkstra-degree-greedy,193.out,179.60000000000002,250.0,429.6
outputs-dijkstra-degree-greedy,194.out,470.0,1025.0,1495.0
outputs-dijkstra-degree-greedy,195.out,0.04,999999999.97,1000000000.01
outputs-dijkstra-degree-greedy,196.out,179.09999999999928,19.900000000000013,198.9999999999993
outputs-dijkstra-degree-greedy,197.out,330.0,180.0,510.0
outputs-dijkstra-degree-greedy,198.out,18508.0,37534.0,56042.0
outputs-dijkstra-degree-greedy,199.out,6690.0,3199.0,9889.0
outputs-dijkstra-degree-greedy,2.out,40.0,11.0,51.0
outputs-dijkstra-degree-greedy,20.out,2550.0,150.0,2700.0
outputs-dijkstra-degree-greedy,200.out,42.0,17.0,59.0
outputs-dijkstra-degree-greedy,201.out,1652.0,4118.0,5770.0
outputs-dijkstra-degree-greedy,202.out,35654.0,134121.0,169775.0
outputs-dijkstra-degree-greedy,203.out,826.0,2062.0,2888.0
outputs-dijkstra-degree-greedy,204.out,778.0,501.0,1279.0
outputs-dijkstra-degree-greedy,205.out,4754.0,2676.0,7430.0
outputs-dijkstra-degree-greedy,206.out,174.0,108.0,282.0
outputs-dijkstra-degree-greedy,207.out,404.0,9700.0,10104.0
outputs-dijkstra-degree-greedy,208.out,804.0,39400.0,40204.0
outputs-dijkstra-degree-greedy,209.out,204.0,4700.0,4904.0
outputs-dijkstra-degree-greedy,21.out,151019.19999999998,143985.0,295004.19999999995
outputs-dijkstra-degree-greedy,213.out,2500.0,1300.0,3800.0
outputs-dijkstra-degree-greedy,214.out,5300.0,2700.0,8000.0
outputs-dijkstra-degree-greedy,215.out,1100.0,600.0,1700.0
outputs-dijkstra-degree-greedy,216.out,4.0,4.0,8.0
outputs-dijkstra-degree-greedy,217.out,4.0,4.0,8.0
outputs-dijkstra-degree-greedy,218.out,4.0,4.0,8.0
outputs-dijkstra-degree-greedy,219.out,192.0,330.0,522.0
outputs-dijkstra-degree-greedy,22.out,451060.80000000005,239975.0,691035.8
outputs-dijkstra-degree-greedy,220.out,72.0,304.0,376.0
outputs-dijkstra-degree-greedy,221.out,40.0,40.0,80.0
outputs-dijkstra-degree-greedy,222.out,228.0,147.0,375.0
outputs-dijkstra-degree-greedy,223.out,182.0,85.0,267.0
outputs-dijkstra-degree-greedy,224.out,785.0,245.0,1030.0
outputs-dijkstra-degree-greedy,225.out,996.0,3.0,999.0
outputs-dijkstra-degree-greedy,226.out,394.0,7500.0,7894.0
outputs-dijkstra-degree-greedy,227.out,98.0,0.048000000000000036,98.048
outputs-dijkstra-degree-greedy,228.out,196.0,960.0,1156.0
outputs-dijkstra-degree-greedy,229.out,458490.0,47522902.0,47981392.0
outputs-dijkstra-degree-greedy,23.out,998.3999999999985,48000.0,48998.4
outputs-dijkstra-degree-greedy,230.out,58.0,72.0,130.0
outputs-dijkstra-degree-greedy,231.out,87002889314.51022,49374842630.8823,136377731945.39252
outputs-dijkstra-degree-greedy,232.out,160703046967.3316,91433443809.05249,252136490776.3841
outputs-dijkstra-degree-greedy,233.out,38918399043.46841,24793929499.693203,63712328543.161606
outputs-dijkstra-degree-greedy,234.out,43364.0,40325.0,83689.0
outputs-dijkstra-degree-greedy,235.out,68254.0,82202.0,150456.0
outputs-dijkstra-degree-greedy,236.out,30368.0,17318.0,47686.0
outputs-dijkstra-degree-greedy,237.out,119070.0,105971.0,225041.0
outputs-dijkstra-degree-greedy,238.out,200380.0,223760.0,424140.0
outputs-dijkstra-degree-greedy,239.out,17748.0,22560.0,40308.0
outputs-dijkstra-degree-greedy,24.out,30420046905.0,23100014437.0,53520061342.0
outputs-dijkstra-degree-greedy,240.out,694.0,109.0,803.0
outputs-dijkstra-degree-greedy,241.out,1240.0,192.0,1432.0
outputs-dijkstra-degree-greedy,242.out,202.0,35.0,237.0
outputs-dijkstra-degree-greedy,243.out,18257.8,2671.0,20928.8
outputs-dijkstra-degree-greedy,244.out,36517.600000000006,5342.0,41859.600000000006
outputs-dijkstra-degree-greedy,245.out,16979.8,1302.0,18281.8
outputs-dijkstra-degree-greedy,246.out,15837.682000000006,8127.0,23964.682000000008
outputs-dijkstra-degree-greedy,247.out,34095.84399999999,23523.0,57618.84399999999
outputs-dijkstra-degree-greedy,248.out,9344.020000000002,5332.0,14676.020000000002
outputs-dijkstra-degree-greedy,25.out,69530086447.0,59220034739.0,128750121186.0
outputs-dijkstra-degree-greedy,251.out,12.0,28.0,40.0
outputs-dijkstra-degree-greedy,252.out,9.225399999999999,8.9049,18.1303
outputs-dijkstra-degree-greedy,253.out,8.4321,8.8354,17.2675
outputs-dijkstra-degree-greedy,254.out,4.6245,11.2604,15.884900000000002
outputs-dijkstra-degree-greedy,255.out,7.72,52.0,59.72
outputs-dijkstra-degree-greedy,256.out,9.400000000000002,41.0,50.400000000000006
outputs-dijkstra-degree-greedy,257.out,3.8400000000000003,22.0,25.84
outputs-dijkstra-degree-greedy,258.out,4058076.0,2015067.0,6073143.0
outputs-dijkstra-degree-greedy,259.out,6003.0,806.0,6809.0
outputs-dijkstra-degree-greedy,26.out,19760015912.0,14700008319.0,34460024231.0
outputs-dijkstra-degree-greedy,260.out,5042.0,2757.0,7799.0
outputs-dijkstra-degree-greedy,261.out,3314.0,978.0,4292.0
outputs-dijkstra-degree-greedy,262.out,6594.0,1916.0,8510.0
outputs-dijkstra-degree-greedy,263.out,1490.0,424.0,1914.0
outputs-dijkstra-degree-greedy,264.out,1020.0,896.0,1916.0
outputs-dijkstra-degree-greedy,265.out,1448.0,1520.0,2968.0
outputs-dijkstra-degree-greedy,266.out,218.0,243.0,461.0
outputs-dijkstra-degree-greedy,267.out,6059972020.456548,2393768299.28991,8453740319.746458
outputs-dijkstra-degree-greedy,268.out,12131943690.97645,8392641697.1633215,20524585388.13977
outputs-dijkstra-degree-greedy,269.out,4465.869,667.0,5132.869
outputs-dijkstra-degree-greedy,27.out,462.0,156746.0,157208.0
outputs-dijkstra-degree-greedy,270.out,20.0,24.0,44.0
outputs-dijkstra-degree-greedy,271.out,68.0,3.0,71.0
outputs-dijkstra-degree-greedy,272.out,41.0,22.0,63.0
outputs-dijkstra-degree-greedy,273.out,124.0,94.5,218.5
outputs-dijkstra-degree-greedy,274.out,252.0,190.5,442.5
outputs-dijkstra-degree-greedy,275.out,60.0,46.5,106.5
outputs-dijkstra-degree-greedy,276.out,900.0,127.0,1027.0
outputs-dijkstra-degree-greedy,277.out,570.0,781.0,1351.0
outputs-dijkstra-degree-greedy,278.out,450.0,64.0,514.0
outputs-dijkstra-degree-greedy,279.out,22551863351.43999,11275933275.719997,33827796627.15999
outputs-dijkstra-degree-greedy,28.out,438675.0,268035.0,706710.0
outputs-dijkstra-degree-greedy,280.out,45103726702.88,22551866551.43999,67655593254.31999
outputs-dijkstra-degree-greedy,281.out,15034575400.959995,7517288120.48,22551863521.439995
outputs-dijkstra-degree-greedy,282.out,364.0,144.0,508.0
outputs-dijkstra-degree-greedy,283.out,730.0,288.0,1018.0
outputs-dijkstra-degree-greedy,284.out,120.0,48.0,168.0
outputs-dijkstra-degree-greedy,285.out,313.0,539.0,852.0
outputs-dijkstra-degree-greedy,286.out,54.0,41.0,95.0
outputs-dijkstra-degree-greedy,287.out,210.0,280.0,490.0
outputs-dijkstra-degree-greedy,288.out,738.0,369.0,1107.0
outputs-dijkstra-degree-greedy,289.out,2730.0,1365.0,4095.0
outputs-dijkstra-degree-greedy,29.out,9434.0,567.0,10001.0
outputs-dijkstra-degree-greedy,290.out,630.0,315.0,945.0
outputs-dijkstra-degree-greedy,291.out,113.0,137.5,250.5
outputs-dijkstra-degree-greedy,292.out,180.0,61.0,241.0
outputs-dijkstra-degree-greedy,293.out,113.0,137.5,250.5
outputs-dijkstra-degree-greedy,294.out,16.0,6.0,22.0
outputs-dijkstra-degree-greedy,295.out,20.0,7.0,27.0
outputs-dijkstra-degree-greedy,296.out,10.0,5.0,15.0
outputs-dijkstra-degree-greedy,297.out,7506.0,270.0,7776.0
outputs-dijkstra-degree-greedy,298.out,15012.0,540.0,15552.0
outputs-dijkstra-degree-greedy,299.out,3336.0,120.0,3456.0
outputs-dijkstra-degree-greedy,3.out,2289.2699999999995,33.45,2322.7199999999993
outputs-dijkstra-degree-greedy,30.out,467.53542000000004,448.90693000000005,916.44235
outputs-dijkstra-degree-greedy,300.out,4751552.0,1535792.0,6287344.0
outputs-dijkstra-degree-greedy,301.out,17862961.0,13611497.0,31474458.0
outputs-dijkstra-degree-greedy,302.out,191225.0,47753.0,238978.0
outputs-dijkstra-degree-greedy,303.out,547.0,297.0,844.0
outputs-dijkstra-degree-greedy,304.out,1763.0,617.0,2380.0
outputs-dijkstra-degree-greedy,305.out,377.0,161.0,538.0
outputs-dijkstra-degree-greedy,306.out,101.68476000000001,39.350770000000004,141.03553000000002
outputs-dijkstra-degree-greedy,307.out,63.6219,26.942520000000002,90.56442
outputs-dijkstra-degree-greedy,308.out,55.204620000000006,57.013270000000006,112.21789000000001
outputs-dijkstra-degree-greedy,309.out,1800.0,860.0,2660.0
outputs-dijkstra-degree-greedy,31.out,1086.5270700000003,1126.9283200000002,2213.4553900000005
outputs-dijkstra-degree-greedy,311.out,762.0,816.0,1578.0
outputs-dijkstra-degree-greedy,312.out,4126687637.0,3077783112.0,7204470749.0
outputs-dijkstra-degree-greedy,313.out,8863434252.0,7092094194.0,15955528446.0
outputs-dijkstra-degree-greedy,314.out,2799284608.0,2022333619.0,4821618227.0
outputs-dijkstra-degree-greedy,315.out,266.0,124.0,390.0
outputs-dijkstra-degree-greedy,316.out,526.0,268.0,794.0
outputs-dijkstra-degree-greedy,317.out,120.0,60.0,180.0
outputs-dijkstra-degree-greedy,318.out,313.0,539.0,852.0
outputs-dijkstra-degree-greedy,319.out,54.0,41.0,95.0
outputs-dijkstra-degree-greedy,32.out,212.67720999999995,260.13688,472.81408999999996
outputs-dijkstra-degree-greedy,320.out,153.0,191.0,344.0
outputs-dijkstra-degree-greedy,321.out,40.0,7000.0,7040.0
outputs-dijkstra-degree-greedy,322.out,325.0,59777.0,60102.0
outputs-dijkstra-degree-greedy,323.out,333.0,66941.0,67274.0
outputs-dijkstra-degree-greedy,324.out,256.0,160.0,416.0
outputs-dijkstra-degree-greedy,325.out,330.0,35.0,365.0
outputs-dijkstra-degree-greedy,326.out,64.0,18.0,82.0
outputs-dijkstra-degree-greedy,327.out,62570.0,27403.0,89973.0
outputs-dijkstra-degree-greedy,328.out,15466.0,8275.0,23741.0
outputs-dijkstra-degree-greedy,329.out,1788.0,534.0,2322.0
outputs-dijkstra-degree-greedy,33.out,794.0,264.0,1058.0
outputs-dijkstra-degree-greedy,330.out,244.0,163.0,407.0
outputs-dijkstra-degree-greedy,331.out,244.0,163.0,407.0
outputs-dijkstra-degree-greedy,332.out,138.0,105.0,243.0
outputs-dijkstra-degree-greedy,333.out,28071268.019999996,8447301.38,36518569.4
outputs-dijkstra-degree-greedy,334.out,64745955.94999998,20640324.760000005,85386280.70999998
outputs-dijkstra-degree-greedy,335.out,5492148.4799999995,4083712.1999999997,9575860.68
outputs-dijkstra-degree-greedy,336.out,0,1.0,1.0
outputs-dijkstra-degree-greedy,337.out,0,1.0,1.0
outputs-dijkstra-degree-greedy,338.out,0,1.0,1.0
outputs-dijkstra-degree-greedy,339.out,6036.0,3178.0,9214.0
outputs-dijkstra-degree-greedy,34.out,1868.0,768.0,2636.0
outputs-dijkstra-degree-greedy,340.out,13984.0,8458.0,22442.0
outputs-dijkstra-degree-greedy,341.out,3576.0,2365.0,5941.0
outputs-dijkstra-degree-greedy,342.out,694.0,272.0,966.0
outputs-dijkstra-degree-greedy,343.out,1926.0,794.0,2720.0
outputs-dijkstra-degree-greedy,344.out,334.0,161.0,495.0
outputs-dijkstra-degree-greedy,345.out,1107667.05996,960.0,1108627.05996
outputs-dijkstra-degree-greedy,346.out,7035.345719999998,280.0,7315.345719999998
outputs-dijkstra-degree-greedy,347.out,2302.0,15.0,2317.0
outputs-dijkstra-degree-greedy,348.out,14.0,7.0,21.0
outputs-dijkstra-degree-greedy,349.out,16.0,5.0,21.0
outputs-dijkstra-degree-greedy,35.out,196.0,89.0,285.0
outputs-dijkstra-degree-greedy,350.out,16.0,6.0,22.0
outputs-dijkstra-degree-greedy,351.out,899.37196,509.0,1408.37196
outputs-dijkstra-degree-greedy,352.out,897.3827299999997,525.0,1422.3827299999998
outputs-dijkstra-degree-greedy,353.out,763.1669899999999,604.0,1367.16699
outputs-dijkstra-degree-greedy,354.out,1354.0,480.0,1834.0
outputs-dijkstra-degree-greedy,355.out,2710.0,960.0,3670.0
outputs-dijkstra-degree-greedy,356.out,676.0,240.0,916.0
outputs-dijkstra-degree-greedy,357.out,118.0,186.0,304.0
outputs-dijkstra-degree-greedy,358.out,118.0,186.0,304.0
outputs-dijkstra-degree-greedy,359.out,118.0,186.0,304.0
outputs-dijkstra-degree-greedy,36.out,25.0,14.0,39.0
outputs-dijkstra-degree-greedy,360.out,858.0,102.0,960.0
outputs-dijkstra-degree-greedy,361.out,1196.0,126.0,1322.0
outputs-dijkstra-degree-greedy,362.out,782.0,177.0,959.0
outputs-dijkstra-degree-greedy,363.out,60.0,31.0,91.0
outputs-dijkstra-degree-greedy,364.out,68.0,35.0,103.0
outputs-dijkstra-degree-greedy,365.out,4.0,2.5,6.5
outputs-dijkstra-degree-greedy,366.out,630.0,298.0,928.0
outputs-dijkstra-degree-greedy,367.out,1052.0,773.0,1825.0
outputs-dijkstra-degree-greedy,368.out,656.0,422.0,1078.0
outputs-dijkstra-degree-greedy,369.out,289.0,738.0,1027.0
outputs-dijkstra-degree-greedy,37.out,31.0,17.0,48.0
outputs-dijkstra-degree-greedy,370.out,751.0,2228.0,2979.0
outputs-dijkstra-degree-greedy,371.out,492.0,5551.0,6043.0
outputs-dijkstra-degree-greedy,372.out,57532365.822200015,1458049.0,58990414.822200015
outputs-dijkstra-degree-greedy,373.out,66317560.37219999,1876587.0,68194147.37219998
outputs-dijkstra-degree-greedy,374.out,49003192.5552,1216958.0,50220150.5552
outputs-dijkstra-degree-greedy,378.out,708.48,6462.0,7170.48
outputs-dijkstra-degree-greedy,379.out,731.798,26262.0,26993.798
outputs-dijkstra-degree-greedy,38.out,19.0,11.0,30.0
outputs-dijkstra-degree-greedy,380.out,653.3299999999999,1651.0,2304.33
outputs-dijkstra-degree-greedy,381.out,5119.0,2712.0,7831.0
outputs-dijkstra-degree-greedy,382.out,7769.0,5456.0,13225.0
outputs-dijkstra-degree-greedy,383.out,1551.0,1154.0,2705.0
outputs-dijkstra-degree-greedy,384.out,108.0,51.0,159.0
outputs-dijkstra-degree-greedy,385.out,116.0,59.0,175.0
outputs-dijkstra-degree-greedy,386.out,70.0,160.0,230.0
outputs-dijkstra-degree-greedy,387.out,70998.0,71460.0,142458.0
outputs-dijkstra-degree-greedy,388.out,81084.0,79423.0,160507.0
outputs-dijkstra-degree-greedy,389.out,56402.0,69161.0,125563.0
outputs-dijkstra-degree-greedy,39.out,19.200000000000003,348.0,367.2
outputs-dijkstra-degree-greedy,390.out,33359189610.0,23960137505.0,57319327115.0
outputs-dijkstra-degree-greedy,391.out,61723751326.0,44305119247.0,106028870573.0
outputs-dijkstra-degree-greedy,392.out,31560909186.0,20243895162.0,51804804348.0
outputs-dijkstra-degree-greedy,393.out,0.004,2000000000.0,2000000000.004
outputs-dijkstra-degree-greedy,394.out,39563111182.0,21347854348.0,60910965530.0
outputs-dijkstra-degree-greedy,395.out,24554540427.0,16574592820.0,41129133247.0
outputs-dijkstra-degree-greedy,396.out,446.0,1138.0,1584.0
outputs-dijkstra-degree-greedy,397.out,862.0,2312.0,3174.0
outputs-dijkstra-degree-greedy,398.out,242.0,401.0,643.0
outputs-dijkstra-degree-greedy,399.out,7.460000000000001,25.0,32.46
outputs-dijkstra-degree-greedy,4.out,262.0,408.0,670.0
outputs-dijkstra-degree-greedy,40.out,10056.0,75.0,10131.0
outputs-dijkstra-degree-greedy,400.out,55.0,57.0,112.0
outputs-dijkstra-degree-greedy,401.out,4.0,50.0,54.0
outputs-dijkstra-degree-greedy,402.out,2048.0,1016.0,3064.0
outputs-dijkstra-degree-greedy,403.out,9096.0,6730.0,15826.0
outputs-dijkstra-degree-greedy,404.out,908.0,501.0,1409.0
outputs-dijkstra-degree-greedy,405.out,6920960857.645359,4655259964.348131,11576220821.99349
outputs-dijkstra-degree-greedy,406.out,10741971528.16913,7005674039.27563,17747645567.44476
outputs-dijkstra-degree-greedy,407.out,23123279560.68098,14557765701.06118,37681045261.74216
outputs-dijkstra-degree-greedy,408.out,416.0,1026.0,1442.0
outputs-dijkstra-degree-greedy,409.out,768.0,2347.0,3115.0
outputs-dijkstra-degree-greedy,41.out,3520.0,504.0,4024.0
outputs-dijkstra-degree-greedy,410.out,270.0,569.0,839.0
outputs-dijkstra-degree-greedy,411.out,6890.0,3935.0,10825.0
outputs-dijkstra-degree-greedy,412.out,56143.0,15563.0,71706.0
outputs-dijkstra-degree-greedy,413.out,1030.0,790.0,1820.0
outputs-dijkstra-degree-greedy,414.out,3602.0,418.0,4020.0
outputs-dijkstra-degree-greedy,415.out,6164.0,649.0,6813.0
outputs-dijkstra-degree-greedy,416.out,1745.0,250.0,1995.0
outputs-dijkstra-degree-greedy,417.out,5630.0,3136.0,8766.0
outputs-dijkstra-degree-greedy,418.out,9580.0,4650.0,14230.0
outputs-dijkstra-degree-greedy,419.out,2876.0,296.0,3172.0
outputs-dijkstra-degree-greedy,42.out,239569.94099999996,423330.113,662900.054
outputs-dijkstra-degree-greedy,420.out,196.0,97.0,293.0
outputs-dijkstra-degree-greedy,421.out,600.0,20.0,620.0
outputs-dijkstra-degree-greedy,422.out,296.0,108.0,404.0
outputs-dijkstra-degree-greedy,423.out,4353.0,1953.0,6306.0
outputs-dijkstra-degree-greedy,424.out,204.0,70.0,274.0
outputs-dijkstra-degree-greedy,425.out,1164.0,505.0,1669.0
outputs-dijkstra-degree-greedy,426.out,28256441197.558403,19353547179.0896,47609988376.648
outputs-dijkstra-degree-greedy,427.out,35607430447.42961,20472553646.593803,56079984094.023415
outputs-dijkstra-degree-greedy,428.out,35437642.82380001,9834046.6281,45271689.45190001
outputs-dijkstra-degree-greedy,429.out,2821.0,609.0,3430.0
outputs-dijkstra-degree-greedy,43.out,276546.14099999995,689802.6919999998,966348.8329999998
outputs-dijkstra-degree-greedy,430.out,624.0,32.0,656.0
outputs-dijkstra-degree-greedy,431.out,65.0,33.0,98.0
outputs-dijkstra-degree-greedy,432.out,28.16249,9.0,37.16249
outputs-dijkstra-degree-greedy,433.out,37.69802,19.0,56.69802
outputs-dijkstra-degree-greedy,434.out,45.912240000000004,70.0,115.91224
outputs-dijkstra-degree-greedy,435.out,72.0,80.0,152.0
outputs-dijkstra-degree-greedy,436.out,72.0,80.0,152.0
outputs-dijkstra-degree-greedy,437.out,40.0,50.0,90.0
outputs-dijkstra-degree-greedy,438.out,1073.4175,257194.30709999998,258267.7246
outputs-dijkstra-degree-greedy,439.out,1591.6742000000004,259605.12,261196.7942
outputs-dijkstra-degree-greedy,44.out,125649.21400000002,213585.81200000003,339235.02600000007
outputs-dijkstra-degree-greedy,440.out,1124.9453999999996,325457.58379999996,326582.5292
outputs-dijkstra-degree-greedy,441.out,24471.469000000005,12968.184,37439.653000000006
outputs-dijkstra-degree-greedy,442.out,56804.794,27576.799,84381.593
outputs-dijkstra-degree-greedy,443.out,60.0,44.0,104.0
outputs-dijkstra-degree-greedy,444.out,56.0,12.0,68.0
outputs-dijkstra-degree-greedy,445.out,136.0,34.0,170.0
outputs-dijkstra-degree-greedy,446.out,20.0,5.0,25.0
outputs-dijkstra-degree-greedy,447.out,1220.0,1511.0,2731.0
outputs-dijkstra-degree-greedy,448.out,2115.0,3246.0,5361.0
outputs-dijkstra-degree-greedy,449.out,472.0,778.0,1250.0
outputs-dijkstra-degree-greedy,45.out,280.0000000000002,357.30000000000007,637.3000000000003
outputs-dijkstra-degree-greedy,450.out,160.0,17.0,177.0
outputs-dijkstra-degree-greedy,451.out,208.0,41.0,249.0
outputs-dijkstra-degree-greedy,452.out,108.0,30.0,138.0
outputs-dijkstra-degree-greedy,453.out,49.2622,40.362880000000004,89.62508
outputs-dijkstra-degree-greedy,454.out,91.50361999999998,45.170759999999994,136.67437999999999
outputs-dijkstra-degree-greedy,455.out,100.99199999999998,36.277,137.26899999999998
outputs-dijkstra-degree-greedy,456.out,162.0,246.0,408.0
outputs-dijkstra-degree-greedy,457.out,322.0,486.0,808.0
outputs-dijkstra-degree-greedy,458.out,72.0,111.0,183.0
outputs-dijkstra-degree-greedy,459.out,2244.4790000000003,1622.047,3866.5260000000003
outputs-dijkstra-degree-greedy,46.out,2354.3,498.0000000000003,2852.3000000000006
outputs-dijkstra-degree-greedy,460.out,3336.3340000000026,2131.5030000000006,5467.837000000003
outputs-dijkstra-degree-greedy,461.out,1100.106,803.2930000000001,1903.3990000000001
outputs-dijkstra-degree-greedy,462.out,111512800.0,1325426557.0,1436939357.0
outputs-dijkstra-degree-greedy,463.out,294148800.0,609801237.0,903950037.0
outputs-dijkstra-degree-greedy,464.out,79296460.0,2617491893.0,2696788353.0
outputs-dijkstra-degree-greedy,465.out,20.0,101.0,121.0
outputs-dijkstra-degree-greedy,466.out,20.0,101.0,121.0
outputs-dijkstra-degree-greedy,467.out,20.0,101.0,121.0
outputs-dijkstra-degree-greedy,468.out,312.0,192.0,504.0
outputs-dijkstra-degree-greedy,469.out,618.0,375.0,993.0
outputs-dijkstra-degree-greedy,47.out,135.20000000000005,186.29999999999998,321.5
outputs-dijkstra-degree-greedy,470.out,184.0,118.0,302.0
outputs-dijkstra-degree-greedy,471.out,2252.0000000000273,1016.0,3268.0000000000273
outputs-dijkstra-degree-greedy,472.out,4650.000000000047,2541.0,7191.000000000047
outputs-dijkstra-degree-greedy,473.out,1356.000000000016,600.0,1956.000000000016
outputs-dijkstra-degree-greedy,474.out,36.0,13.0,49.0
outputs-dijkstra-degree-greedy,475.out,26.0,12.0,38.0
outputs-dijkstra-degree-greedy,476.out,22.0,8.0,30.0
outputs-dijkstra-degree-greedy,477.out,18442.0,4951.0,23393.0
outputs-dijkstra-degree-greedy,478.out,28304.0,6161.0,34465.0
outputs-dijkstra-degree-greedy,479.out,5837.0,1540.0,7377.0
outputs-dijkstra-degree-greedy,48.out,678.0,41.0,719.0
outputs-dijkstra-degree-greedy,480.out,1342.0,3011.0,4353.0
outputs-dijkstra-degree-greedy,481.out,1942.0,3909.0,5851.0
outputs-dijkstra-degree-greedy,482.out,2032.0,474.0,2506.0
outputs-dijkstra-degree-greedy,483.out,905414.0,602045.0,1507459.0
outputs-dijkstra-degree-greedy,484.out,1614254.0,854580.0,2468834.0
outputs-dijkstra-degree-greedy,485.out,704379.0,451938.0,1156317.0
outputs-dijkstra-degree-greedy,486.out,248.0,342.0,590.0
outputs-dijkstra-degree-greedy,487.out,576.0,528.0,1104.0
outputs-dijkstra-degree-greedy,488.out,408.0,397.0,805.0
outputs-dijkstra-degree-greedy,489.out,28452.0,15503.0,43955.0
outputs-dijkstra-degree-greedy,49.out,1358.0,81.0,1439.0
outputs-dijkstra-degree-greedy,490.out,36988.0,50837.0,87825.0
outputs-dijkstra-degree-greedy,491.out,14682.0,2650.0,17332.0
outputs-dijkstra-degree-greedy,492.out,100.0,1328.0,1428.0
outputs-dijkstra-degree-greedy,493.out,198.0,5087.0,5285.0
outputs-dijkstra-degree-greedy,494.out,48.0,337.0,385.0
outputs-dijkstra-degree-greedy,495.out,35967.66224,32001.79797,67969.46020999999
outputs-dijkstra-degree-greedy,496.out,58433.11879999999,58976.51699000001,117409.63579
outputs-dijkstra-degree-greedy,497.out,18694.62041,22286.80992,40981.43033
outputs-dijkstra-degree-greedy,498.out,509.0,223.0,732.0
outputs-dijkstra-degree-greedy,499.out,1349714.2870000051,874285.7147700001,2224000.001770005
outputs-dijkstra-degree-greedy,5.out,1732.58,45.269999999999996,1777.85
outputs-dijkstra-degree-greedy,50.out,328.0,20.0,348.0
outputs-dijkstra-degree-greedy,500.out,94.0,78.0,172.0
outputs-dijkstra-degree-greedy,501.out,955.0,810.0,1765.0
outputs-dijkstra-degree-greedy,502.out,1855.0,1710.0,3565.0
outputs-dijkstra-degree-greedy,503.out,505.0,360.0,865.0
outputs-dijkstra-degree-greedy,504.out,44.0,4.0,48.0
outputs-dijkstra-degree-greedy,505.out,44.0,4.0,48.0
outputs-dijkstra-degree-greedy,506.out,44.0,4.0,48.0
outputs-dijkstra-degree-greedy,507.out,122.8284,27.0,149.8284
outputs-dijkstra-degree-greedy,508.out,202.0,26.0,228.0
outputs-dijkstra-degree-greedy,509.out,90.0,26.0,116.0
outputs-dijkstra-degree-greedy,51.out,216.2,109.10999999999999,325.30999999999995
outputs-dijkstra-degree-greedy,510.out,1053261.44086,3500139343.45533,3501192604.8961897
outputs-dijkstra-degree-greedy,511.out,1048021.027929999,3500123785.57053,3501171806.5984597
outputs-dijkstra-degree-greedy,512.out,1035036.61036,3500120570.44356,3501155607.0539203
outputs-dijkstra-degree-greedy,513.out,1092.0,689.0,1781.0
outputs-dijkstra-degree-greedy,514.out,1104.0,741.0,1845.0
outputs-dijkstra-degree-greedy,515.out,605.0,554.0,1159.0
outputs-dijkstra-degree-greedy,516.out,662.0,1010682.0,1011344.0
outputs-dijkstra-degree-greedy,517.out,1324.0,2021366.0,2022690.0
outputs-dijkstra-degree-greedy,518.out,330.0,240.0,570.0
outputs-dijkstra-degree-greedy,519.out,87.0,128.0,215.0
outputs-dijkstra-degree-greedy,52.out,366.3,112.10999999999999,478.40999999999997
outputs-dijkstra-degree-greedy,520.out,51.0,164.0,215.0
outputs-dijkstra-degree-greedy,522.out,62.0,52.0,114.0
outputs-dijkstra-degree-greedy,523.out,62.0,34.0,96.0
outputs-dijkstra-degree-greedy,524.out,44.0,34.0,78.0
outputs-dijkstra-degree-greedy,525.out,17.0,7.0,24.0
outputs-dijkstra-degree-greedy,526.out,9.0,4.0,13.0
outputs-dijkstra-degree-greedy,527.out,4.0,3.0,7.0
outputs-dijkstra-degree-greedy,528.out,0,1.0,1.0
outputs-dijkstra-degree-greedy,529.out,0,1.0,1.0
outputs-dijkstra-degree-greedy,53.out,2.0,2.0,4.0
outputs-dijkstra-degree-greedy,530.out,223.0,165.0,388.0
outputs-dijkstra-degree-greedy,531.out,2296.8565999999996,5.3786,2302.2351999999996
outputs-dijkstra-degree-greedy,532.out,3873.9880000000003,7.9655000000000005,3881.9535
outputs-dijkstra-degree-greedy,533.out,1916.5097999999998,2.6856,1919.1953999999998
outputs-dijkstra-degree-greedy,534.out,72990.0,15875.0,88865.0
outputs-dijkstra-degree-greedy,535.out,103690.0,14761.0,118451.0
outputs-dijkstra-degree-greedy,536.out,80716.0,17601.0,98317.0
outputs-dijkstra-degree-greedy,537.out,13646.0,2903.0,16549.0
outputs-dijkstra-degree-greedy,538.out,12386.0,4053.0,16439.0
outputs-dijkstra-degree-greedy,539.out,12004.0,2816.0,14820.0
outputs-dijkstra-degree-greedy,54.out,240.0,192.0,432.0
outputs-dijkstra-degree-greedy,540.out,462.0,1162.0,1624.0
outputs-dijkstra-degree-greedy,541.out,542.0,1330.0,1872.0
outputs-dijkstra-degree-greedy,542.out,128.0,115.0,243.0
outputs-dijkstra-degree-greedy,543.out,96.0,82.0,178.0
outputs-dijkstra-degree-greedy,544.out,96.0,82.0,178.0
outputs-dijkstra-degree-greedy,545.out,32.0,27.0,59.0
outputs-dijkstra-degree-greedy,546.out,102.0,50.0,152.0
outputs-dijkstra-degree-greedy,547.out,193.0,101.0,294.0
outputs-dijkstra-degree-greedy,548.out,92.0,22.0,114.0
outputs-dijkstra-degree-greedy,549.out,190.0,112.0,302.0
outputs-dijkstra-degree-greedy,55.out,280.0,392.0,672.0
outputs-dijkstra-degree-greedy,550.out,290566921.0,312487534.65574,603054455.65574
outputs-dijkstra-degree-greedy,551.out,246033694.0,257749692.01858,503783386.01857996
outputs-dijkstra-degree-greedy,552.out,544.0,317.0,861.0
outputs-dijkstra-degree-greedy,553.out,1162.0,605.0,1767.0
outputs-dijkstra-degree-greedy,554.out,223.0,165.0,388.0
outputs-dijkstra-degree-greedy,555.out,308.0013999999999,331.0,639.0013999999999
outputs-dijkstra-degree-greedy,556.out,448.0017999999998,509.0,957.0017999999998
outputs-dijkstra-degree-greedy,557.out,92.0006,58.0,150.00060000000002
outputs-dijkstra-degree-greedy,558.out,124.6,111.0,235.6
outputs-dijkstra-degree-greedy,559.out,318.0,193.0,511.0
outputs-dijkstra-degree-greedy,56.out,220.0,92.0,312.0
outputs-dijkstra-degree-greedy,560.out,66.0,50.0,116.0
outputs-dijkstra-degree-greedy,561.out,248000192.0,41001000.0,289001192.0
outputs-dijkstra-degree-greedy,562.out,520000396.0,75001000.0,595001396.0
outputs-dijkstra-degree-greedy,563.out,120000096.0,25001000.0,145001096.0
outputs-dijkstra-degree-greedy,564.out,98.0,29.0,127.0
outputs-dijkstra-degree-greedy,565.out,144.0,34.0,178.0
outputs-dijkstra-degree-greedy,566.out,92.0,29.0,121.0
outputs-dijkstra-degree-greedy,567.out,2602.6046500000016,1038.0,3640.6046500000016
outputs-dijkstra-degree-greedy,568.out,2361.394259999999,1033.0,3394.394259999999
outputs-dijkstra-degree-greedy,569.out,659.6674200000001,1690.0,2349.66742
outputs-dijkstra-degree-greedy,57.out,258.0,223.0,481.0
outputs-dijkstra-degree-greedy,570.out,6.0,4.0,10.0
outputs-dijkstra-degree-greedy,571.out,6.0,1.0,7.0
outputs-dijkstra-degree-greedy,572.out,2.0,2.0,4.0
outputs-dijkstra-degree-greedy,573.out,4171.370399999999,1019883.8308,1024055.2012
outputs-dijkstra-degree-greedy,574.out,4842.300200000001,2440669.8530000006,2445512.1532000005
outputs-dijkstra-degree-greedy,575.out,3031.0686,914523.6863000001,917554.7549
outputs-dijkstra-degree-greedy,576.out,553.8723399999998,159346.0,159899.87234
outputs-dijkstra-degree-greedy,577.out,151375.71036000003,48811.0,200186.71036000003
outputs-dijkstra-degree-greedy,578.out,141.97651000000002,639.0,780.97651
outputs-dijkstra-degree-greedy,579.out,2575.0,777.0,3352.0
outputs-dijkstra-degree-greedy,58.out,482.0,495.0,977.0
outputs-dijkstra-degree-greedy,580.out,5292.002,1671.02,6963.022000000001
outputs-dijkstra-degree-greedy,581.out,2367.0,586.0,2953.0
outputs-dijkstra-degree-greedy,582.out,10142.0,6603.0,16745.0
outputs-dijkstra-degree-greedy,583.out,13780.0,5071.0,18851.0
outputs-dijkstra-degree-greedy,584.out,6564.0,4362.0,10926.0
outputs-dijkstra-degree-greedy,585.out,1180.0,709.98,1889.98
outputs-dijkstra-degree-greedy,586.out,1180.0,677.88,1857.88
outputs-dijkstra-degree-greedy,587.out,980.0,568.47,1548.47
outputs-dijkstra-degree-greedy,588.out,2401.16437,1345.0,3746.16437
outputs-dijkstra-degree-greedy,589.out,5087.557580000001,1718.0,6805.557580000001
outputs-dijkstra-degree-greedy,59.out,108.0,149.0,257.0
outputs-dijkstra-degree-greedy,590.out,880.0210900000002,412.0,1292.0210900000002
outputs-dijkstra-degree-greedy,591.out,6.0,300.0,306.0
outputs-dijkstra-degree-greedy,592.out,492.0,1730.0,2222.0
outputs-dijkstra-degree-greedy,593.out,1064.0,213.0,1277.0
outputs-dijkstra-degree-greedy,594.out,0,38.0,38.0
outputs-dijkstra-degree-greedy,595.out,20.0,49.0,69.0
outputs-dijkstra-degree-greedy,596.out,0,91.0,91.0
outputs-dijkstra-degree-greedy,597.out,6907.0,1890.0,8797.0
outputs-dijkstra-degree-greedy,598.out,6907.0,1890.0,8797.0
outputs-dijkstra-degree-greedy,599.out,2818.0,847.0,3665.0
outputs-dijkstra-degree-greedy,6.out,6528375.004899999,153708.5956,6682083.600499999
outputs-dijkstra-degree-greedy,60.out,10714.0,3136.0,13850.0
outputs-dijkstra-degree-greedy,600.out,59508.0,90755.0,150263.0
outputs-dijkstra-degree-greedy,601.out,545.4980000000003,95.52620000000005,641.0242000000003
outputs-dijkstra-degree-greedy,602.out,1332.6033999999997,951.2884,2283.8918
outputs-dijkstra-degree-greedy,603.out,77970926059.10555,42593169936.90133,120564095996.00687
outputs-dijkstra-degree-greedy,604.out,254721803864.3849,111343201104.64671,366065004969.0316
outputs-dijkstra-degree-greedy,605.out,54451100494.17308,24484347170.232433,78935447664.40552
outputs-dijkstra-degree-greedy,606.out,6004.0,3103.0,9107.0
outputs-dijkstra-degree-greedy,607.out,22699137052.0,12523661816.0,35222798868.0
outputs-dijkstra-degree-greedy,608.out,84.0,110.0,194.0
outputs-dijkstra-degree-greedy,609.out,1222177518.0,16246161407.0,17468338925.0
outputs-dijkstra-degree-greedy,61.out,59924.0,45239.0,105163.0
outputs-dijkstra-degree-greedy,610.out,1081757104.0,12695294397.0,13777051501.0
outputs-dijkstra-degree-greedy,611.out,139667216.0,178152778.0,317819994.0
outputs-dijkstra-degree-greedy,612.out,24362.0,9497.0,33859.0
outputs-dijkstra-degree-greedy,613.out,38034.0,15350.0,53384.0
outputs-dijkstra-degree-greedy,614.out,6835.0,4205.0,11040.0
outputs-dijkstra-degree-greedy,615.out,220.0,203.0,423.0
outputs-dijkstra-degree-greedy,616.out,115.0,4000000067.0,4000000182.0
outputs-dijkstra-degree-greedy,617.out,186.0,223.0,409.0
outputs-dijkstra-degree-greedy,618.out,250.0,144.0,394.0
outputs-dijkstra-degree-greedy,619.out,314.0,102.0,416.0
outputs-dijkstra-degree-greedy,62.out,4564.0,1284.0,5848.0
outputs-dijkstra-degree-greedy,620.out,212.0,105.0,317.0
outputs-dijkstra-degree-greedy,621.out,786.0,755.0,1541.0
outputs-dijkstra-degree-greedy,622.out,786.0,755.0,1541.0
outputs-dijkstra-degree-greedy,623.out,378.0,410.0,788.0
outputs-dijkstra-degree-greedy,624.out,124.0,94.0,218.0
outputs-dijkstra-degree-greedy,625.out,124.0,94.0,218.0
outputs-dijkstra-degree-greedy,626.out,34.0,75.0,109.0
outputs-dijkstra-degree-greedy,627.out,663.6232000000001,1354.0,2017.6232
outputs-dijkstra-degree-greedy,628.out,604465.8800000006,135826.0,740291.8800000006
outputs-dijkstra-degree-greedy,629.out,248.12,84.0,332.12
outputs-dijkstra-degree-greedy,63.out,140.0,150.0,290.0
outputs-dijkstra-degree-greedy,630.out,128.0,54.0,182.0
outputs-dijkstra-degree-greedy,631.out,74.0,26.0,100.0
outputs-dijkstra-degree-greedy,632.out,61.0,28.0,89.0
outputs-dijkstra-degree-greedy,633.out,538634501.0,1141.0,538635642.0
outputs-dijkstra-degree-greedy,634.out,549548858.0,1222.0,549550080.0
outputs-dijkstra-degree-greedy,635.out,348175782.0,764.0,348176546.0
outputs-dijkstra-degree-greedy,636.out,6282.0,5148.0,11430.0
outputs-dijkstra-degree-greedy,637.out,12474.0,11071.0,23545.0
outputs-dijkstra-degree-greedy,638.out,100.0,19.0,119.0
outputs-dijkstra-degree-greedy,639.out,26.0,18.0,44.0
outputs-dijkstra-degree-greedy,64.out,240.0,300.0,540.0
outputs-dijkstra-degree-greedy,640.out,32.0,27.0,59.0
outputs-dijkstra-degree-greedy,641.out,8.0,3.0,11.0
outputs-dijkstra-degree-greedy,642.out,0,0.00988,0.00988
outputs-dijkstra-degree-greedy,643.out,0,0.00198,0.00198
outputs-dijkstra-degree-greedy,644.out,0,0.00862,0.00862
outputs-dijkstra-degree-greedy,645.out,12000003283.999802,6000004985.999801,18000008269.999603
outputs-dijkstra-degree-greedy,646.out,6778.000400000001,2546.0001,9324.000500000002
outputs-dijkstra-degree-greedy,647.out,2334.0,380.0,2714.0
outputs-dijkstra-degree-greedy,648.out,6883.446199999999,4129.7341,11013.1803
outputs-dijkstra-degree-greedy,649.out,7973.237399999999,5232.1383,13205.375699999999
outputs-dijkstra-degree-greedy,65.out,80.0,75.0,155.0
outputs-dijkstra-degree-greedy,650.out,3906.0680000000007,2629.2259999999997,6535.294
outputs-dijkstra-degree-greedy,651.out,504.0,128.0,632.0
outputs-dijkstra-degree-greedy,652.out,620.0,270.0,890.0
outputs-dijkstra-degree-greedy,653.out,192.0,78.0,270.0
outputs-dijkstra-degree-greedy,654.out,790.0,905.0,1695.0
outputs-dijkstra-degree-greedy,655.out,1584.0,1810.0,3394.0
outputs-dijkstra-degree-greedy,656.out,158.0,78.0,236.0
outputs-dijkstra-degree-greedy,657.out,16165.0,7139.0,23304.0
outputs-dijkstra-degree-greedy,658.out,16110.0,5128.0,21238.0
outputs-dijkstra-degree-greedy,659.out,15514.0,7028.0,22542.0
outputs-dijkstra-degree-greedy,66.out,144.0,98.0,242.0
outputs-dijkstra-degree-greedy,660.out,18082.0,33031.0,51113.0
outputs-dijkstra-degree-greedy,661.out,36166.0,66061.0,102227.0
outputs-dijkstra-degree-greedy,662.out,6026.0,11011.0,17037.0
outputs-dijkstra-degree-greedy,663.out,3120.0,22781.0,25901.0
outputs-dijkstra-degree-greedy,664.out,7511.0,46601.0,54112.0
outputs-dijkstra-degree-greedy,665.out,3796.0,16099.0,19895.0
outputs-dijkstra-degree-greedy,666.out,74538006862.65253,47997576199.71587,122535583062.36841
outputs-dijkstra-degree-greedy,667.out,109900410364.8488,61996467555.53881,171896877920.3876
outputs-dijkstra-degree-greedy,668.out,73631228554.02094,39998566119.05085,113629794673.07178
outputs-dijkstra-degree-greedy,669.out,1782.0,3633.0,5415.0
outputs-dijkstra-degree-greedy,67.out,228.0,169.0,397.0
outputs-dijkstra-degree-greedy,670.out,2894.0,7553.0,10447.0
outputs-dijkstra-degree-greedy,671.out,1434.0,1293.0,2727.0
outputs-dijkstra-degree-greedy,672.out,0.013199999999999976,1474.0,1474.0132
outputs-dijkstra-degree-greedy,673.out,0.0256999999999999,12902.0,12902.0257
outputs-dijkstra-degree-greedy,674.out,0.005200000000000001,149.0,149.0052
outputs-dijkstra-degree-greedy,675.out,9.97766,4.0056400000000005,13.9833
outputs-dijkstra-degree-greedy,676.out,21.977160000000005,8.01046,29.987620000000007
outputs-dijkstra-degree-greedy,677.out,2.87204,2.06339,4.93543
outputs-dijkstra-degree-greedy,678.out,529291.0,352487.98,881778.98
outputs-dijkstra-degree-greedy,679.out,1079861.22,505706.67000000004,1585567.8900000001
outputs-dijkstra-degree-greedy,68.out,18.0,18.0,36.0
outputs-dijkstra-degree-greedy,680.out,569480.43,461860.63999999996,1031341.0700000001
outputs-dijkstra-degree-greedy,681.out,54403872.843,31265346.6206,85669219.46360001
outputs-dijkstra-degree-greedy,682.out,70524267.36880003,40621618.56940001,111145885.93820004
outputs-dijkstra-degree-greedy,683.out,40690194.5466,20819623.9466,61509818.493200004
outputs-dijkstra-degree-greedy,684.out,196.85100000000003,99.506,296.357
outputs-dijkstra-degree-greedy,685.out,197.97000000000006,106.10300000000001,304.0730000000001
outputs-dijkstra-degree-greedy,686.out,67.24599999999998,37.964000000000006,105.20999999999998
outputs-dijkstra-degree-greedy,687.out,1014.0,3328.0,4342.0
outputs-dijkstra-degree-greedy,688.out,2330.0,4992.0,7322.0
outputs-dijkstra-degree-greedy,689.out,834.0,1635.0,2469.0
outputs-dijkstra-degree-greedy,69.out,11270.0,11700.0,22970.0
outputs-dijkstra-degree-greedy,690.out,199.0,78.0,277.0
outputs-dijkstra-degree-greedy,691.out,98.0,43.0,141.0
outputs-dijkstra-degree-greedy,692.out,110.0,59.0,169.0
outputs-dijkstra-degree-greedy,693.out,48.0,24.0,72.0
outputs-dijkstra-degree-greedy,694.out,88.0,44.0,132.0
outputs-dijkstra-degree-greedy,695.out,20.0,11.0,31.0
outputs-dijkstra-degree-greedy,699.out,16610.820280000007,3563.0,20173.820280000007
outputs-dijkstra-degree-greedy,7.out,14228456.322600009,307693.0814,14536149.404000008
outputs-dijkstra-degree-greedy,70.out,11270.0,11700.0,22970.0
outputs-dijkstra-degree-greedy,700.out,22243.824989999997,8257.0,30500.824989999997
outputs-dijkstra-degree-greedy,701.out,9917.270100000002,3601.0,13518.270100000002
outputs-dijkstra-degree-greedy,702.out,280.0,1200.0,1480.0
outputs-dijkstra-degree-greedy,703.out,32325.0,2706.0,35031.0
outputs-dijkstra-degree-greedy,704.out,682186.0,170.0,682356.0
outputs-dijkstra-degree-greedy,708.out,6.0,4.0,10.0
outputs-dijkstra-degree-greedy,709.out,16.0,9.0,25.0
outputs-dijkstra-degree-greedy,71.out,11270.0,11700.0,22970.0
outputs-dijkstra-degree-greedy,710.out,24.0,29.0,53.0
outputs-dijkstra-degree-greedy,714.out,538634501.0,1141.0,538635642.0
outputs-dijkstra-degree-greedy,715.out,549548858.0,1222.0,549550080.0
outputs-dijkstra-degree-greedy,716.out,348175782.0,764.0,348176546.0
outputs-dijkstra-degree-greedy,717.out,658.0,818.0,1476.0
outputs-dijkstra-degree-greedy,718.out,738.0,2419.0,3157.0
outputs-dijkstra-degree-greedy,719.out,616.0,303.0,919.0
outputs-dijkstra-degree-greedy,72.out,98.0,40.0,138.0
outputs-dijkstra-degree-greedy,720.out,80.0,64.0,144.0
outputs-dijkstra-degree-greedy,721.out,101.0,80.0,181.0
outputs-dijkstra-degree-greedy,722.out,82.0,59.0,141.0
outputs-dijkstra-degree-greedy,723.out,656.7726,589.814,1246.5866
outputs-dijkstra-degree-greedy,724.out,765.5658,651.0179999999999,1416.5837999999999
outputs-dijkstra-degree-greedy,725.out,459.67199999999997,492.71000000000004,952.3820000000001
outputs-dijkstra-degree-greedy,726.out,41539016.785900004,16057683.312,57596700.0979
outputs-dijkstra-degree-greedy,727.out,93308196.80030002,34586861.664,127895058.4643
outputs-dijkstra-degree-greedy,728.out,13845161553.894798,2321115991.0871,16166277544.9819
outputs-dijkstra-degree-greedy,729.out,6417.0,4018.0,10435.0
outputs-dijkstra-degree-greedy,73.out,380.0,370.0,750.0
outputs-dijkstra-degree-greedy,730.out,26410.0,17776.0,44186.0
outputs-dijkstra-degree-greedy,731.out,1640.0,956.0,2596.0
outputs-dijkstra-degree-greedy,732.out,1928372.8200000003,918796.8599999999,2847169.68
outputs-dijkstra-degree-greedy,733.out,4661296.219999988,1900152.670000001,6561448.8899999885
outputs-dijkstra-degree-greedy,734.out,274187.8800000001,26799.71,300987.59000000014
outputs-dijkstra-degree-greedy,735.out,1800.0,860.0,2660.0
outputs-dijkstra-degree-greedy,736.out,12840.0,3410.0,16250.0
outputs-dijkstra-degree-greedy,737.out,762.0,816.0,1578.0
outputs-dijkstra-degree-greedy,738.out,417.0,336.0,753.0
outputs-dijkstra-degree-greedy,739.out,418.0,354.0,772.0
outputs-dijkstra-degree-greedy,74.out,38.0,32.0,70.0
outputs-dijkstra-degree-greedy,740.out,26.0,12.0,38.0
outputs-dijkstra-degree-greedy,741.out,2656.0,4760.0,7416.0
outputs-dijkstra-degree-greedy,742.out,7227.0,19358.0,26585.0
outputs-dijkstra-degree-greedy,743.out,1396.0,778.0,2174.0
outputs-dijkstra-degree-greedy,744.out,1880.0,1143.0,3023.0
outputs-dijkstra-degree-greedy,745.out,1654.0,1033.0,2687.0
outputs-dijkstra-degree-greedy,746.out,1388.0,895.0,2283.0
outputs-dijkstra-degree-greedy,747.out,946.0,521.0,1467.0
outputs-dijkstra-degree-greedy,748.out,1280.0,695.0,1975.0
outputs-dijkstra-degree-greedy,749.out,740.0,428.0,1168.0
outputs-dijkstra-degree-greedy,75.out,3266.0,777.0,4043.0
outputs-dijkstra-degree-greedy,750.out,513.0,374.0,887.0
outputs-dijkstra-degree-greedy,751.out,540.0,348.0,888.0
outputs-dijkstra-degree-greedy,752.out,445.0,325.0,770.0
outputs-dijkstra-degree-greedy,76.out,6480.0,1666.0,8146.0
outputs-dijkstra-degree-greedy,77.out,512.0,490.0,1002.0
outputs-dijkstra-degree-greedy,78.out,47966.0,39992.0,87958.0
outputs-dijkstra-degree-greedy,79.out,104517.0,81630.0,186147.0
outputs-dijkstra-degree-greedy,8.out,2242613.9886,87862.33570000001,2330476.3243
outputs-dijkstra-degree-greedy,80.out,5451.0,4739.0,10190.0
outputs-dijkstra-degree-greedy,81.out,220.0,48.0,268.0
outputs-dijkstra-degree-greedy,82.out,422.0,95.0,517.0
outputs-dijkstra-degree-greedy,83.out,110.0,14.0,124.0
outputs-dijkstra-degree-greedy,84.out,141615557.76250002,709267.3895,142324825.152
outputs-dijkstra-degree-greedy,85.out,4079768675.795101,1306232.5918999999,4081074908.387001
outputs-dijkstra-degree-greedy,86.out,41131961.6598,370697.49770000007,41502659.1575
outputs-dijkstra-degree-greedy,87.out,152.60000000000002,72.0,224.60000000000002
outputs-dijkstra-degree-greedy,88.out,295.20000000000005,129.0,424.20000000000005
outputs-dijkstra-degree-greedy,89.out,65.8,37.0,102.8
outputs-dijkstra-degree-greedy,9.out,208.82000000000005,178.68999999999997,387.51
outputs-dijkstra-degree-greedy,90.out,1410099.6,400021.0,1810120.6
outputs-dijkstra-degree-greedy,91.out,3095064.0,2935.0,3097999.0
outputs-dijkstra-degree-greedy,92.out,669238.24,150013.0,819251.24
outputs-dijkstra-degree-greedy,93.out,353.0,165.0,518.0
outputs-dijkstra-degree-greedy,94.out,538.0,367.0,905.0
outputs-dijkstra-degree-greedy,95.out,154.0,35.0,189.0
outputs-dijkstra-degree-greedy,96.out,55349.59999999992,4.799999999999999,55354.39999999992
outputs-dijkstra-degree-greedy,97.out,37500.0,100.0,37600.0
outputs-dijkstra-degree-greedy,98.out,9498.400000000007,2.2000000000000006,9500.600000000008
outputs-dijkstra-degree-greedy,99.out,428.0,285.0,713.0